-BEGIN HEADER-,,,,,,,,,,,,,,,,
NASA/POWER Source Native Resolution Monthly and Annual ,,,,,,,,,,,,,,,,
Dates (month/day/year): 01/01/2022 through 12/31/2023 in LST,,,,,,,,,,,,,,,,
Location: Regional ,,,,,,,,,,,,,,,,
Elevation from MERRA-2: Average for 0.5 x 0.625 degree lat/lon region = na meters,,,,,,,,,,,,,,,,
The value for missing source data that cannot be computed or is outside of the sources availability range: -999 ,,,,,,,,,,,,,,,,
Parameter(s): ,,,,,,,,,,,,,,,,
T2M_RANGE     MERRA-2 Temperature at 2 Meters Range (C) ,,,,,,,,,,,,,,,,
-END HEADER-,,,,,,,,,,,,,,,,
PARAMETER,YEAR,LAT,LON,JAN,FEB,MAR,APR,MAY,JUN,JUL,AUG,SEP,OCT,NOV,DEC,ANN
T2M_RANGE,2022,40,-85,8.98,10.33,11.45,10.88,11.21,11.53,9.83,11.23,12.2,13.61,10.84,8.52,10.88
T2M_RANGE,2022,40,-85.625,9.04,10.21,11.36,11.3,11.27,11.77,10.64,11.62,12.54,13.81,11.08,8.5,11.1
T2M_RANGE,2022,40,-86.25,9.28,10.47,11.36,11.65,11.36,11.94,11.19,12.05,12.79,13.86,11.08,8.71,11.31
T2M_RANGE,2022,40,-86.875,9.42,10.72,11.53,11.95,11.32,11.9,11.53,12.13,12.82,13.86,10.87,8.56,11.38
T2M_RANGE,2022,40,-87.5,9.64,11.07,11.79,12.36,11.12,12.15,11.55,12.05,12.91,13.97,10.9,8.44,11.49
T2M_RANGE,2022,40,-88.125,10.09,11.64,11.79,12.58,11.18,12.31,11.26,11.72,12.82,13.83,10.87,8.47,11.54
T2M_RANGE,2022,40,-88.75,10.34,11.87,11.71,12.57,11.01,11.83,10.95,11.76,12.75,13.94,10.92,8.94,11.54
T2M_RANGE,2022,40,-89.375,10.71,12.27,12.03,12.69,10.75,11.36,10.49,11.56,12.68,13.84,10.83,9.09,11.51
T2M_RANGE,2022,40,-90,10.83,12.26,12.25,12.98,10.56,11.28,10.55,12.44,13.47,14.08,11,9.07,11.72
T2M_RANGE,2022,40.5,-85,8.91,9.96,11.41,11.37,11.59,12.07,10.17,11.32,12.16,13.64,10.93,8.43,11
T2M_RANGE,2022,40.5,-85.625,9.06,10.13,11.33,11.43,11.61,12.18,10.89,12.17,12.71,13.75,11.05,8.47,11.23
T2M_RANGE,2022,40.5,-86.25,9.21,10.44,11.51,11.6,11.6,12.32,11.67,12.78,13.1,13.77,10.95,8.61,11.47
T2M_RANGE,2022,40.5,-86.875,9.48,10.62,11.79,11.91,11.59,12.37,12.08,12.82,13.24,13.83,10.65,8.45,11.57
T2M_RANGE,2022,40.5,-87.5,9.8,10.91,11.76,12.16,11.3,12.42,11.92,12.59,13.14,13.88,10.73,8.36,11.58
T2M_RANGE,2022,40.5,-88.125,10.09,11.46,11.55,12.38,11.24,12.32,11.48,12.43,13.15,13.82,10.79,8.41,11.59
T2M_RANGE,2022,40.5,-88.75,10.33,11.65,11.44,12.32,10.99,11.87,11.13,11.96,12.92,13.72,10.66,8.6,11.46
T2M_RANGE,2022,40.5,-89.375,10.6,11.88,11.65,12.45,10.68,11.66,11.39,12.19,13.19,13.8,10.76,8.87,11.59
T2M_RANGE,2022,40.5,-90,10.8,12.01,11.85,12.72,10.59,11.63,11.61,12.61,13.74,14.12,11.03,8.93,11.8
T2M_RANGE,2022,41,-85,8.95,9.83,11.66,11.73,11.84,12.48,10.7,11.82,12.35,13.7,10.89,8.22,11.18
T2M_RANGE,2022,41,-85.625,9.11,10,11.51,11.58,11.78,12.5,10.96,12.33,12.95,13.63,10.73,8.18,11.27
T2M_RANGE,2022,41,-86.25,9.2,10.43,11.58,11.46,11.84,12.6,11.46,12.74,13.21,13.65,10.39,8.34,11.41
T2M_RANGE,2022,41,-86.875,9.4,10.48,11.68,11.54,11.55,12.61,11.63,12.71,13.25,13.63,10.31,8.27,11.42
T2M_RANGE,2022,41,-87.5,9.76,10.69,11.7,11.76,11.22,12.61,11.53,12.55,13.21,13.66,10.53,8.24,11.46
T2M_RANGE,2022,41,-88.125,9.98,11.05,11.55,12.08,11.21,12.53,11.23,12.35,13.29,13.85,10.71,8.51,11.53
T2M_RANGE,2022,41,-88.75,10.16,11.19,11.39,12.36,10.91,12.27,10.93,11.94,13.26,13.88,10.84,8.68,11.48
T2M_RANGE,2022,41,-89.375,10.45,11.32,11.33,12.39,10.68,12.02,11.28,11.94,13.2,13.84,10.83,8.66,11.49
T2M_RANGE,2022,41,-90,10.52,11.66,11.38,12.58,10.65,11.86,11.19,11.82,13.27,14.01,10.95,8.53,11.53
T2M_RANGE,2022,41.5,-85,8.95,9.64,11.22,11.46,11.78,12.49,10.62,11.78,12.55,13.61,10.48,7.77,11.03
T2M_RANGE,2022,41.5,-85.625,8.81,9.79,11.11,11.17,11.71,12.51,10.81,12.23,12.94,13.29,10.04,7.71,11.01
T2M_RANGE,2022,41.5,-86.25,8.63,9.65,10.69,10.63,11.37,12.19,10.53,12.04,12.52,12.71,9.44,7.6,10.67
T2M_RANGE,2022,41.5,-86.875,7.93,8.98,10.01,9.72,10.18,11.52,9.93,10.94,11.29,11.59,8.76,7.12,9.83
T2M_RANGE,2022,41.5,-87.5,8.71,9.28,10.44,10.29,10,11.83,10.33,11.02,11.54,12.15,9.42,7.53,10.21
T2M_RANGE,2022,41.5,-88.125,9.91,10.36,11.47,11.81,10.94,12.54,10.89,11.8,12.89,13.57,10.56,8.58,11.28
T2M_RANGE,2022,41.5,-88.75,10.13,10.6,11.5,12.05,10.9,12.37,11.05,11.79,13.07,13.7,10.69,8.5,11.36
T2M_RANGE,2022,41.5,-89.375,10.2,10.92,11.37,12.13,10.83,12.21,11.11,11.4,12.78,13.67,10.64,8.26,11.29
T2M_RANGE,2022,41.5,-90,10.3,11.22,11.32,12.19,10.83,12.23,11.06,11.19,12.59,13.78,10.85,8.07,11.3
T2M_RANGE,2022,42,-85,8.82,9.35,10.74,11.1,11.66,12.28,11.32,11.87,12.61,13.41,10.11,7.39,10.89
T2M_RANGE,2022,42,-85.625,8.51,9.2,10.47,10.76,11.43,12.19,11.01,11.88,12.68,12.83,9.44,7.13,10.63
T2M_RANGE,2022,42,-86.25,6.58,7.19,8.24,8.12,9.07,9.57,8.36,9.21,9.64,9.76,7.15,5.66,8.22
T2M_RANGE,2022,42,-86.875,4.13,4.8,5.05,3.97,4.63,4.95,3.57,3.68,4.11,4.96,4.36,3.78,4.33
T2M_RANGE,2022,42,-87.5,5.32,6.05,6.35,5.39,5.39,6.62,5.06,5.16,5.48,6.36,5.76,4.92,5.65
T2M_RANGE,2022,42,-88.125,9.64,9.47,10.66,10.92,10.56,12.52,11.1,11.44,11.91,12.61,9.9,8.02,10.73
T2M_RANGE,2022,42,-88.75,10.11,10.15,11.25,11.6,10.82,12.07,10.71,11.05,11.99,13.08,10.12,8.16,10.93
T2M_RANGE,2022,42,-89.375,10.07,10.77,11.05,11.68,10.78,12.06,11.03,10.68,11.81,13.21,10.39,8.09,10.96
T2M_RANGE,2022,42,-90,10.16,11.14,10.85,11.8,10.79,11.96,10.9,10.34,11.95,13.49,10.61,7.9,10.98
T2M_RANGE,2022,42.5,-85,8.73,9,10.64,11.07,11.72,12.29,12.12,11.74,12.38,13.24,9.84,6.87,10.81
T2M_RANGE,2022,42.5,-85.625,8.11,8.31,9.8,10.27,11.02,11.59,11.09,11.18,11.81,12.09,8.84,6.37,10.05
T2M_RANGE,2022,42.5,-86.25,5.26,5.65,6.24,5.97,6.95,6.84,6.01,6.48,6.65,7.04,5.35,4.39,6.07
T2M_RANGE,2022,42.5,-86.875,3.77,4.08,4.01,2.99,3.35,3.34,2.17,2.17,2.38,3.31,3.34,3.48,3.19
T2M_RANGE,2022,42.5,-87.5,4.45,5.03,4.83,3.87,3.78,4.78,3.29,3.08,3.34,4.25,4.28,4.3,4.1
T2M_RANGE,2022,42.5,-88.125,9.39,9.31,10.02,10.03,10.16,11.48,10.79,10.66,10.53,11.64,9.17,7.66,10.07
T2M_RANGE,2022,42.5,-88.75,10.13,10.01,10.56,10.97,10.97,11.82,10.89,11.03,11.36,12.53,9.68,8.01,10.67
T2M_RANGE,2022,42.5,-89.375,10.04,10.69,10.58,11.35,10.98,11.83,11.14,10.56,11.42,12.83,10.08,8.21,10.81
T2M_RANGE,2022,42.5,-90,10.03,11.08,10.34,11.37,10.94,11.62,10.99,10.22,11.71,13.07,10.15,8.04,10.79
T2M_RANGE,2022,43,-85,8.72,9.04,10.54,11.26,11.86,12.16,11.13,11.02,11.65,12.79,9.94,6.61,10.56
T2M_RANGE,2022,43,-85.625,8.34,8.26,9.87,10.49,11.28,11.54,10.43,10.5,10.86,11.6,8.97,6.24,9.87
T2M_RANGE,2022,43,-86.25,5.2,5.7,6.1,6.04,6.88,6.48,5.66,6.04,6.03,6.54,5.19,4.29,5.85
T2M_RANGE,2022,43,-86.875,3.73,4.2,3.67,3.02,3.14,3.02,2.07,2.04,2.13,3.07,3.15,3.55,3.06
T2M_RANGE,2022,43,-87.5,4.1,4.91,4.49,3.63,3.64,4.32,3.11,2.75,2.89,3.81,3.84,4.25,3.8
T2M_RANGE,2022,43,-88.125,9.07,9.36,9.54,9.56,10.27,11.36,11.16,11.13,10.53,11.59,8.82,7.33,9.98
T2M_RANGE,2022,43,-88.75,10.03,10.2,10.09,10.47,10.91,11.67,11.75,11.66,11.55,12.39,9.4,7.79,10.66
T2M_RANGE,2022,43,-89.375,10.02,10.81,9.97,10.73,10.92,11.42,11.54,10.97,11.5,12.46,9.6,8.11,10.67
T2M_RANGE,2022,43,-90,9.98,10.95,9.98,11.11,10.98,11.4,11.5,10.66,12.07,12.9,9.82,8.13,10.79
T2M_RANGE,2022,43.5,-85,8.58,9.14,9.95,10.81,11.99,12.28,11.04,11.09,11.06,12.19,9.64,6.58,10.37
T2M_RANGE,2022,43.5,-85.625,8.46,8.57,9.49,10.48,11.74,11.9,10.9,11.26,11.11,11.68,9.09,6.47,10.1
T2M_RANGE,2022,43.5,-86.25,6.22,6.46,6.65,7.35,8.4,8.13,7.51,7.77,7.69,7.77,6.03,4.99,7.08
T2M_RANGE,2022,43.5,-86.875,3.85,4.47,3.72,3.28,3.61,3.23,2.42,2.23,2.3,3.11,3.18,3.69,3.25
T2M_RANGE,2022,43.5,-87.5,4.16,5.34,4.72,3.94,4.41,4.54,3.8,3.26,3.28,4.09,3.92,4.51,4.16
T2M_RANGE,2022,43.5,-88.125,8.68,9.37,8.85,8.99,10.22,10.8,10.83,10.62,10.34,11,8.21,7.38,9.61
T2M_RANGE,2022,43.5,-88.75,9.8,10.13,9.6,10.17,11.1,11.47,11.71,11.37,11.71,12.23,9.09,8,10.53
T2M_RANGE,2022,43.5,-89.375,10,10.69,9.75,10.58,11.08,11.32,11.78,11.25,12.02,12.39,9.33,8.17,10.7
T2M_RANGE,2022,43.5,-90,10.09,10.94,9.76,10.76,11.05,11.12,11.85,11.04,12.27,12.64,9.57,8.16,10.77
T2M_RANGE,2022,44,-85,8.13,9.04,9.38,10.62,12.42,12.61,11.75,11.77,11.35,11.85,9.04,6.48,10.38
T2M_RANGE,2022,44,-85.625,8.03,8.38,8.74,9.95,12.1,11.96,10.97,11.14,11.13,11.3,8.35,6.43,9.88
T2M_RANGE,2022,44,-86.25,5.76,6.35,6.14,7.05,8.53,8.21,7.52,7.54,7.53,7.3,5.56,4.9,6.87
T2M_RANGE,2022,44,-86.875,3.88,4.59,3.67,3.31,3.67,3.49,2.73,2.29,2.4,3,3.11,3.87,3.33
T2M_RANGE,2022,44,-87.5,4.83,6.09,5.76,5.03,5.88,6.2,5.7,4.88,4.93,5.52,4.88,5.32,5.41
T2M_RANGE,2022,44,-88.125,8.51,9.28,8.46,8.57,10.01,10.29,10.37,9.91,10,10.4,7.71,7.42,9.24
T2M_RANGE,2022,44,-88.75,9.83,10.03,9.2,9.9,11.1,11.18,11.12,10.96,11.61,11.88,8.74,8.37,10.33
T2M_RANGE,2022,44,-89.375,10.2,10.55,9.44,10.32,11.3,11.21,10.81,10.47,11.75,12.01,9.09,8.27,10.45
T2M_RANGE,2022,44,-90,10.28,10.81,9.36,10.22,11.07,10.94,11.06,10.43,11.82,11.9,9.08,8.04,10.41
T2M_RANGE,2023,40,-85,8.01,11.92,11.62,13.15,12.51,12.33,11.08,12.02,13.12,12,12.13,8.28,11.5
T2M_RANGE,2023,40,-85.625,7.99,12.06,11.44,13.28,12.66,12.74,11.65,12.08,13.29,11.95,11.98,8.42,11.61
T2M_RANGE,2023,40,-86.25,7.9,12.15,11.24,13.28,12.6,13.2,12.08,12.05,13.6,12.02,12.05,8.3,11.69
T2M_RANGE,2023,40,-86.875,7.85,12.23,11.41,13.51,12.56,13.44,12.23,12.17,13.8,11.99,12.11,8.13,11.77
T2M_RANGE,2023,40,-87.5,7.77,12.28,11.66,13.87,12.71,13.76,12.28,12.8,13.82,11.8,12.19,8.19,11.91
T2M_RANGE,2023,40,-88.125,7.88,12.12,11.44,14.02,12.89,13.82,12.12,13.07,13.48,11.7,11.96,8.17,11.87
T2M_RANGE,2023,40,-88.75,8.12,12.23,11.23,14.12,12.84,13.8,12.05,12.95,13.16,12,11.92,8.48,11.89
T2M_RANGE,2023,40,-89.375,8.16,12.31,11.31,14.12,12.68,14.03,12.13,12.43,12.8,12.19,11.93,8.68,11.88
T2M_RANGE,2023,40,-90,8.37,12.31,11.48,14.21,12.68,14.44,12.78,12.44,13.52,12.42,12.13,8.9,12.12
T2M_RANGE,2023,40.5,-85,7.69,11.92,11.18,13.37,12.93,12.42,11.89,12.38,13.38,11.73,11.79,8.16,11.55
T2M_RANGE,2023,40.5,-85.625,7.67,11.96,10.94,13.35,12.92,12.61,12.45,12.14,13.43,11.8,11.66,8.17,11.58
T2M_RANGE,2023,40.5,-86.25,7.52,12.13,10.78,13.38,12.88,13.18,12.76,12.02,13.47,11.73,11.64,8.07,11.61
T2M_RANGE,2023,40.5,-86.875,7.42,12.09,11.02,13.84,12.88,13.63,12.63,11.95,13.59,11.77,11.66,7.76,11.67
T2M_RANGE,2023,40.5,-87.5,7.17,12.03,11.14,14.12,13.02,13.93,12.21,12.39,13.7,11.78,11.81,7.82,11.74
T2M_RANGE,2023,40.5,-88.125,7.48,12.01,10.94,14.16,13.19,14.02,11.73,12.54,13.07,11.59,11.63,7.98,11.68
T2M_RANGE,2023,40.5,-88.75,7.74,11.9,10.71,14.15,13.07,13.92,11.6,12.39,12.68,11.62,11.51,8.09,11.6
T2M_RANGE,2023,40.5,-89.375,7.84,11.88,10.84,14.13,12.87,14.3,12.05,12.23,12.32,11.63,11.53,8.45,11.66
T2M_RANGE,2023,40.5,-90,8.03,11.73,11.01,14.25,12.86,14.61,12.53,12.08,12.91,11.95,11.94,8.77,11.87
T2M_RANGE,2023,41,-85,7.25,11.43,10.4,13.44,13.26,12.9,12.14,12.57,13.39,11.34,11.53,7.87,11.45
T2M_RANGE,2023,41,-85.625,7.28,11.41,10.26,13.23,13.17,13.2,12.64,12.53,13.44,11.46,11.35,7.63,11.45
T2M_RANGE,2023,41,-86.25,7.18,11.57,10.2,13.34,13.11,13.26,12.59,12.22,13.35,11.44,11.26,7.52,11.4
T2M_RANGE,2023,41,-86.875,7.13,11.28,10.35,13.8,13.09,13.36,12.27,11.86,13.13,11.23,11.14,7.31,11.31
T2M_RANGE,2023,41,-87.5,7.06,11.34,10.5,14.09,13.35,13.75,11.87,12.23,13.17,11.42,11.32,7.47,11.45
T2M_RANGE,2023,41,-88.125,7.35,11.42,10.52,14.23,13.65,14.28,11.55,12.57,13,11.57,11.4,7.96,11.61
T2M_RANGE,2023,41,-88.75,7.52,11.34,10.57,14.31,13.59,14.41,11.38,12.42,12.2,11.55,11.34,8.06,11.54
T2M_RANGE,2023,41,-89.375,7.6,11.17,10.53,14.13,13.13,14.35,11.72,12.32,11.89,11.35,11.2,7.99,11.43
T2M_RANGE,2023,41,-90,7.78,11.16,10.7,14.31,12.96,14.29,11.99,12.17,12.12,11.48,11.46,8.13,11.53
T2M_RANGE,2023,41.5,-85,7.03,10.29,9.94,13.33,13.42,13.26,12.2,12.44,12.95,10.85,11.04,7.34,11.17
T2M_RANGE,2023,41.5,-85.625,6.93,10.18,9.79,13.11,13.29,13.85,12.92,12.61,13.08,10.8,10.84,6.96,11.19
T2M_RANGE,2023,41.5,-86.25,6.68,9.84,9.5,12.96,12.86,13.11,12.1,11.85,12.52,10.39,10.26,6.67,10.72
T2M_RANGE,2023,41.5,-86.875,6.23,9.3,8.8,12.32,12,11.76,10.65,10.47,11.04,9.45,9.24,6.21,9.78
T2M_RANGE,2023,41.5,-87.5,6.34,9.89,9.25,12.76,12.54,12.43,10.74,11.07,11.3,10.07,9.91,6.8,10.25
T2M_RANGE,2023,41.5,-88.125,7.01,10.99,10.37,14.09,13.89,14.2,11.34,12.79,12.49,11.36,11.12,7.84,11.44
T2M_RANGE,2023,41.5,-88.75,7.13,10.83,10.55,14.25,13.86,14.33,11.17,12.83,12.01,11.39,11.03,7.77,11.42
T2M_RANGE,2023,41.5,-89.375,7.36,10.8,10.49,14.15,13.51,13.88,11.55,12.89,11.86,11.22,10.91,7.6,11.34
T2M_RANGE,2023,41.5,-90,7.65,10.83,10.47,14.25,13.31,13.83,12.15,12.7,12.1,11.19,10.91,7.41,11.39
T2M_RANGE,2023,42,-85,6.51,9.31,9.69,13.13,13.52,13.82,12.72,12.27,12.51,10.31,10.53,6.92,10.93
T2M_RANGE,2023,42,-85.625,6.23,9.02,9.52,12.71,13.13,13.76,12.76,12.28,12.51,10.08,10.19,6.69,10.74
T2M_RANGE,2023,42,-86.25,4.78,7.15,7.49,10.32,10.63,10.38,9.18,9.23,9.63,7.59,7.58,4.93,8.24
T2M_RANGE,2023,42,-86.875,2.84,4.55,4.04,5.98,5.51,4.34,3.56,3.85,3.95,3.9,4.09,2.72,4.1
T2M_RANGE,2023,42,-87.5,3.84,6.15,5.08,7.29,6.92,6.03,5.43,5.38,4.95,5.51,5.62,3.91,5.5
T2M_RANGE,2023,42,-88.125,6.71,10.23,9.49,13.29,13.8,13.83,11.19,12.35,11.33,10.49,10.31,7.01,10.83
T2M_RANGE,2023,42,-88.75,6.91,10.55,10.24,13.67,13.65,13.49,11.05,12.78,11.7,10.86,10.45,7.2,11.04
T2M_RANGE,2023,42,-89.375,6.96,10.6,10.18,13.67,13.41,13.09,11.47,12.93,11.98,10.83,10.43,7.03,11.04
T2M_RANGE,2023,42,-90,7.3,10.69,10.15,13.89,13.3,12.98,11.99,12.86,12.43,10.97,10.43,6.87,11.14
T2M_RANGE,2023,42.5,-85,6.23,9,9.6,13.05,13.55,13.54,12.49,11.91,12.35,10.11,10.05,6.66,10.71
T2M_RANGE,2023,42.5,-85.625,5.58,8.15,9.05,12.13,12.72,12.89,11.65,11.55,11.93,9.58,9.24,6.32,10.07
T2M_RANGE,2023,42.5,-86.25,3.42,5.28,5.52,7.76,8.26,7.49,6.01,6.61,6.97,5.59,5.41,3.72,6
T2M_RANGE,2023,42.5,-86.875,2.24,3.7,2.92,4.13,4.06,2.73,2.14,2.47,2.33,2.67,3.12,2.37,2.9
T2M_RANGE,2023,42.5,-87.5,2.92,4.84,3.41,5.03,4.72,3.68,3.75,3.65,2.75,3.67,4.06,2.92,3.77
T2M_RANGE,2023,42.5,-88.125,6.87,9.9,8.9,12.27,12.52,12.48,11.24,11.45,10.22,9.76,9.63,6.63,10.15
T2M_RANGE,2023,42.5,-88.75,6.84,10.45,9.63,13.15,13.31,12.86,11.62,12.49,11.23,10.28,10.06,6.78,10.72
T2M_RANGE,2023,42.5,-89.375,6.89,10.36,9.75,13.21,13.32,12.55,11.63,12.88,12.06,10.59,10.18,6.79,10.84
T2M_RANGE,2023,42.5,-90,6.99,10.3,9.66,13.35,13.14,12.3,11.95,12.8,12.52,10.61,10.21,6.78,10.88
T2M_RANGE,2023,43,-85,6.35,8.96,9.71,13.32,13.91,13.08,11.19,11.14,11.75,10.03,9.78,6.59,10.48
T2M_RANGE,2023,43,-85.625,5.77,8.07,8.87,12.18,13.1,12.48,10.56,10.98,11.57,9.57,9.04,6.45,9.89
T2M_RANGE,2023,43,-86.25,3.38,5,5.32,7.22,8.1,7.26,5.5,6.27,6.53,5.36,5.09,3.88,5.74
T2M_RANGE,2023,43,-86.875,2.2,3.59,2.8,3.48,3.93,2.56,1.84,2.31,2.06,2.31,3.03,2.35,2.7
T2M_RANGE,2023,43,-87.5,2.76,4.49,3.15,4.28,4.08,3.51,3.42,3.26,2.28,3.13,3.81,2.86,3.41
T2M_RANGE,2023,43,-88.125,6.61,9.52,8.19,11.82,12.45,12.64,11.72,11.37,10.05,9.43,9.28,6.44,9.95
T2M_RANGE,2023,43,-88.75,7.09,10.19,8.92,12.44,13.29,13.15,12.3,12.51,11.12,9.98,9.63,6.81,10.61
T2M_RANGE,2023,43,-89.375,7.14,10.01,9,12.48,12.91,12.48,12.08,12.67,11.87,10.15,9.81,6.94,10.62
T2M_RANGE,2023,43,-90,7.11,9.96,9.25,12.9,13.02,12.43,12.39,12.9,12.63,10.46,10.09,7,10.84
T2M_RANGE,2023,43.5,-85,6.27,9.26,9.26,13.22,13.65,12.86,10.79,11.27,11.48,9.69,9.34,6.17,10.26
T2M_RANGE,2023,43.5,-85.625,5.92,8.49,8.73,12.6,13.34,12.85,10.77,11.61,11.84,9.63,8.96,6.35,10.09
T2M_RANGE,2023,43.5,-86.25,3.88,5.74,6.14,8.42,9.8,9.46,7.41,8.12,8.22,6.29,5.98,4.73,7.02
T2M_RANGE,2023,43.5,-86.875,2.22,3.67,2.9,3.37,4.05,3.37,2.11,2.42,2.22,2.35,3,2.4,2.83
T2M_RANGE,2023,43.5,-87.5,2.98,4.63,3.44,4.43,4.51,4.4,4.03,3.55,2.69,3.26,3.89,2.96,3.72
T2M_RANGE,2023,43.5,-88.125,6.51,9.1,7.44,11.09,11.88,11.94,11.21,10.65,9.85,8.88,8.6,6.07,9.43
T2M_RANGE,2023,43.5,-88.75,7.35,9.95,8.76,12.19,12.97,12.75,12.05,12.1,11.34,9.87,9.37,6.74,10.45
T2M_RANGE,2023,43.5,-89.375,7.84,10.12,9.07,12.35,12.98,12.58,12.21,12.6,12.07,10.14,9.9,7,10.73
T2M_RANGE,2023,43.5,-90,7.66,10.19,9.09,12.46,12.86,12.43,12.49,13.03,12.58,10.18,10.06,6.97,10.83
T2M_RANGE,2023,44,-85,6.2,9.42,8.95,12.86,13.61,12.88,11.28,11.97,11.56,9.4,9.25,6.03,10.28
T2M_RANGE,2023,44,-85.625,5.79,8.51,8.42,12.51,12.94,12.24,11,11.74,11.53,8.98,8.65,6.17,9.87
T2M_RANGE,2023,44,-86.25,3.86,5.66,5.92,8.29,9.3,9.26,7.75,8.05,7.96,5.77,5.56,4.61,6.83
T2M_RANGE,2023,44,-86.875,2.22,3.85,2.9,3.35,3.85,3.55,2.5,2.49,2.29,2.43,3.03,2.36,2.89
T2M_RANGE,2023,44,-87.5,3.7,5.51,4.3,6,6.59,6.36,5.75,5.1,4.5,4.44,4.75,3.5,5.03
T2M_RANGE,2023,44,-88.125,6.6,8.78,7.14,10.33,11.59,11.22,10.55,10.13,9.66,8.33,8.06,5.82,9.01
T2M_RANGE,2023,44,-88.75,7.68,10.1,8.52,11.7,12.7,12.09,11.42,11.69,11.26,9.6,9.21,6.69,10.21
T2M_RANGE,2023,44,-89.375,8.16,10.54,9.1,11.96,12.81,11.84,11.09,11.67,11.59,9.69,9.66,6.98,10.41
T2M_RANGE,2023,44,-90,8.21,10.6,8.93,11.63,12.38,11.76,11.68,12.14,11.9,9.61,9.5,6.81,10.42
CDD18_3,2022,40,-85,0,0,0,2.63,40.78,79.72,147.68,141.09,69.32,0.39,0,0,481.61
CDD18_3,2022,40,-85.625,0,0,0,4.18,45.1,86.94,178.98,162.33,75.72,0.6,0,0,553.85
CDD18_3,2022,40,-86.25,0,0,0,4.35,47.63,95.46,194.19,176.16,81.13,1.4,0,0,600.32
CDD18_3,2022,40,-86.875,0,0,0,3.9,51.17,105.17,202.97,182.58,87.64,2.31,0,0,635.74
CDD18_3,2022,40,-87.5,0,0,0,4.47,55.71,118.45,208.93,184.88,91.56,2.51,0,0,666.51
CDD18_3,2022,40,-88.125,0,0,0,3.69,57.48,125.74,206.34,175.06,88.5,1.6,0.24,0,658.65
CDD18_3,2022,40,-88.75,0,0,0,3.07,59.83,122.89,202.29,179.17,86.88,1.22,0.94,0,656.29
CDD18_3,2022,40,-89.375,0,0,0,4.27,61.78,129.09,199.09,181.72,87.48,2.18,1.35,0,666.96
CDD18_3,2022,40,-90,0,0,0,5,64.73,135.93,208.44,212.41,101.33,3.63,2.09,0,733.56
CDD18_3,2022,40.5,-85,0,0,0,3.01,43.28,83.6,146.59,140.92,64.65,0.02,0,0,482.07
CDD18_3,2022,40.5,-85.625,0,0,0,4.3,45.53,88.01,164.99,160.68,75.01,0.85,0,0,539.37
CDD18_3,2022,40.5,-86.25,0,0,0,4.22,47.34,95.09,186.82,176.5,83.9,1.69,0,0,595.56
CDD18_3,2022,40.5,-86.875,0,0,0,3.37,49.56,101.36,197.64,184.73,88.26,2.66,0,0,627.58
CDD18_3,2022,40.5,-87.5,0,0,0,3.08,50.74,106.83,192.78,182.12,88.62,2.71,0,0,626.88
CDD18_3,2022,40.5,-88.125,0,0,0,2.43,51.5,110.43,182.64,178.38,88.74,2.1,0,0,616.22
CDD18_3,2022,40.5,-88.75,0,0,0,2.46,53.14,108.84,177.05,169.38,82.22,1.85,0.39,0,595.33
CDD18_3,2022,40.5,-89.375,0,0,0,3.32,56.73,117.88,192.29,189.42,92.02,2.29,0.85,0,654.8
CDD18_3,2022,40.5,-90,0,0,0,4.39,63.31,129.27,211.05,212.54,104.91,3.61,1.24,0,730.32
CDD18_3,2022,41,-85,0,0,0,3.07,40.73,80.85,147.92,143.21,64.28,0,0,0,480.06
CDD18_3,2022,41,-85.625,0,0,0,3.14,39.47,81.78,152.89,152.35,72.95,0.59,0,0,503.17
CDD18_3,2022,41,-86.25,0,0,0,2.89,39.92,91.13,167.64,167.06,82.72,1.37,0,0,552.73
CDD18_3,2022,41,-86.875,0,0,0,2.75,44.53,103.77,184.62,179.83,90.3,2.76,0,0,608.56
CDD18_3,2022,41,-87.5,0,0,0,2.04,47,103.37,179.37,176.23,89.34,2.77,0,0,600.12
CDD18_3,2022,41,-88.125,0,0,0,2.22,49.91,104.67,169.53,171.4,87.06,2.3,0,0,587.09
CDD18_3,2022,41,-88.75,0,0,0,2.52,51.66,103.31,160.11,165.8,85.53,2.91,0.09,0,571.93
CDD18_3,2022,41,-89.375,0,0,0,3.28,54.18,108.27,175.55,175.42,90.33,2.78,0.18,0,609.99
CDD18_3,2022,41,-90,0,0,0,3.63,56.44,109.33,177.77,179.05,91.52,2.95,0,0,620.69
CDD18_3,2022,41.5,-85,0,0,0,1.57,33.75,70.19,126.43,127.85,61.4,0,0,0,421.19
CDD18_3,2022,41.5,-85.625,0,0,0,0.73,33.34,74.98,140.96,139.67,71.38,0.35,0,0,461.41
CDD18_3,2022,41.5,-86.25,0,0,0,0.91,33.87,80.13,149.2,150.22,77.84,0.92,0,0,493.09
CDD18_3,2022,41.5,-86.875,0,0,0,0.96,29.47,84.43,161.95,160.06,79.46,1.21,0,0,517.54
CDD18_3,2022,41.5,-87.5,0,0,0,1.11,35.06,89.87,165.79,161.54,80.22,1.63,0,0,535.22
CDD18_3,2022,41.5,-88.125,0,0,0,1.96,45.95,89.25,152.14,153.47,77.97,1.72,0,0,522.46
CDD18_3,2022,41.5,-88.75,0,0,0,2.15,48.18,92.47,149.07,152.29,77.72,2,0,0,523.88
CDD18_3,2022,41.5,-89.375,0,0,0,3.24,51.44,99.54,159.57,150.4,74.65,2.46,0,0,541.3
CDD18_3,2022,41.5,-90,0,0,0,4.02,54.37,106.01,169.14,153.18,76.25,3.16,0,0,566.13
CDD18_3,2022,42,-85,0,0,0,0.62,29.1,61.61,122.8,119.19,61.89,0,0,0,395.21
CDD18_3,2022,42,-85.625,0,0,0,0,30.85,67.12,135.9,129.32,69.58,0,0,0,432.77
CDD18_3,2022,42,-86.25,0,0,0,0,17.89,64.92,139.55,137.59,71.92,0,0,0,431.87
CDD18_3,2022,42,-86.875,0,0,0,0,0.07,49.78,131.75,138.73,67.34,0,0,0,387.67
CDD18_3,2022,42,-87.5,0,0,0,0,4.04,59.34,135.35,136.6,68.05,0,0,0,403.38
CDD18_3,2022,42,-88.125,0,0,0,1.24,42.05,89.73,147.96,143.55,69.08,0.58,0,0,494.19
CDD18_3,2022,42,-88.75,0,0,0,1.75,42.36,76.66,127.42,121.84,54.78,0.56,0,0,425.37
CDD18_3,2022,42,-89.375,0,0,0,2.93,46.28,86.24,144.08,122.6,52.48,1.22,0,0,455.83
CDD18_3,2022,42,-90,0,0,0,3.34,50.31,91.02,154.25,124.12,56.02,1.91,0,0,480.97
CDD18_3,2022,42.5,-85,0,0,0,0,27.36,57.78,123.65,110.48,58.47,0,0,0,377.74
CDD18_3,2022,42.5,-85.625,0,0,0,0,25.58,61.15,130.6,116.53,62.72,0,0,0,396.58
CDD18_3,2022,42.5,-86.25,0,0,0,0,4.64,45.53,121.13,120.82,63.16,0,0,0,355.28
CDD18_3,2022,42.5,-86.875,0,0,0,0,0,23.03,107.62,124.53,61.85,0,0,0,317.03
CDD18_3,2022,42.5,-87.5,0,0,0,0,0,32.9,111.56,112.61,58.62,0,0,0,315.69
CDD18_3,2022,42.5,-88.125,0,0,0,0.62,34.8,75.89,133.9,122.76,50.69,0,0,0,418.66
CDD18_3,2022,42.5,-88.75,0,0,0,1.17,38.52,67.16,119.66,108.71,44.2,0,0,0,379.42
CDD18_3,2022,42.5,-89.375,0,0,0,2.22,41.41,74.74,134.89,104.98,42.8,0,0,0,401.04
CDD18_3,2022,42.5,-90,0,0,0,2.62,41.09,73.51,135.04,99.25,41.83,0.49,0,0,393.83
CDD18_3,2022,43,-85,0,0,0,0,27.98,50.3,98.1,87.9,41.96,0,0,0,306.24
CDD18_3,2022,43,-85.625,0,0,0,0,26.49,51.24,104.8,93.02,44.2,0,0,0,319.75
CDD18_3,2022,43,-86.25,0,0,0,0,1.65,28.43,100.4,100.13,50.85,0,0,0,281.46
CDD18_3,2022,43,-86.875,0,0,0,0,0,7.46,87.02,108.73,55.97,0,0,0,259.18
CDD18_3,2022,43,-87.5,0,0,0,0,0,15.42,90.5,95.05,50.22,0,0,0,251.19
CDD18_3,2022,43,-88.125,0,0,0,0,29.51,64.56,130.57,118.93,46.9,0,0,0,390.47
CDD18_3,2022,43,-88.75,0,0,0,0.96,37.48,67.68,139.13,121.33,47.14,0,0,0,413.72
CDD18_3,2022,43,-89.375,0,0,0,1.41,36.66,67.26,135.68,104.75,39.03,0,0,0,384.79
CDD18_3,2022,43,-90,0,0,0,2.12,37.8,67.01,133.85,97.09,40.14,0.08,0,0,378.09
CDD18_3,2022,43.5,-85,0,0,0,0,24.56,42.06,87.52,75.62,27.77,0,0,0,257.53
CDD18_3,2022,43.5,-85.625,0,0,0,0,24.51,42.05,95.27,82.86,34.68,0,0,0,279.37
CDD18_3,2022,43.5,-86.25,0,0,0,0,3.84,21.64,93.62,90.77,43.24,0,0,0,253.11
CDD18_3,2022,43.5,-86.875,0,0,0,0,0,1.27,67.06,91.06,44.7,0,0,0,204.09
CDD18_3,2022,43.5,-87.5,0,0,0,0,0,5.82,69.48,85.37,44.3,0,0,0,204.97
CDD18_3,2022,43.5,-88.125,0,0,0,0,20.73,51.7,111.28,100.52,39.62,0,0,0,323.85
CDD18_3,2022,43.5,-88.75,0,0,0,0,32.25,57.49,118.21,104.71,38.13,0,0,0,350.79
CDD18_3,2022,43.5,-89.375,0,0,0,0,36.2,63.44,128.64,108.49,37.29,0,0,0,374.06
CDD18_3,2022,43.5,-90,0,0,0,0.36,33.54,61.11,132.61,103.07,37.34,0,0,0,368.03
CDD18_3,2022,44,-85,0,0,0,0,22.13,34.08,70.9,63.78,23.25,0,0,0,214.14
CDD18_3,2022,44,-85.625,0,0,0,0,21.4,33.61,74.58,66.06,27.02,0,0,0,222.67
CDD18_3,2022,44,-86.25,0,0,0,0,2.63,14.8,81.21,83.53,40.94,0,0,0,223.11
CDD18_3,2022,44,-86.875,0,0,0,0,0,0.46,49.74,74.8,37.05,0,0,0,162.05
CDD18_3,2022,44,-87.5,0,0,0,0,0,10.31,68.73,80.46,41.2,0,0,0,200.7
CDD18_3,2022,44,-88.125,0,0,0,0,17.21,46.73,104.54,96.82,38.54,0,0,0,303.84
CDD18_3,2022,44,-88.75,0,0,0,0,27.27,51.17,104.02,98.09,36.09,0,0,0,316.64
CDD18_3,2022,44,-89.375,0,0,0,0,31.01,56.14,103.2,89.41,32.47,0,0,0,312.23
CDD18_3,2022,44,-90,0,0,0,0,28.64,58.57,119.2,98.28,35.84,0,0,0,340.53
CDD18_3,2023,40,-85,0,0,0,1.06,18.24,58.53,177.44,141.9,61.88,18.8,0,0,477.85
CDD18_3,2023,40,-85.625,0,0,0,2.51,22.91,74.86,191.95,152.01,68.38,20.89,0,0,533.51
CDD18_3,2023,40,-86.25,0,0,0,3.31,25.67,86.9,197.17,152.16,77.87,20.1,0,0,563.18
CDD18_3,2023,40,-86.875,0,0,0,2.41,30.35,98.15,199.2,157.75,86.97,20.35,0,0,595.18
CDD18_3,2023,40,-87.5,0,0,0,2.57,37.2,115.46,205.5,172.37,94.5,20.85,0,0,648.45
CDD18_3,2023,40,-88.125,0,0,0,3.04,41.62,123.3,205.56,178.49,91.42,20.43,0,0,663.86
CDD18_3,2023,40,-88.75,0,0,0,3.42,40.81,124.11,208.09,182.33,94.2,24.15,0,0,677.11
CDD18_3,2023,40,-89.375,0,0,0,3.74,42.69,133.37,218.88,186.4,98.02,23.62,0,0,706.72
CDD18_3,2023,40,-90,0,0,0,3.46,46.81,149,240.93,204.83,113.89,27.54,0,0,786.46
CDD18_3,2023,40.5,-85,0,0,0,1.84,17.15,62.37,179.32,146.58,63.22,21.22,0,0,491.7
CDD18_3,2023,40.5,-85.625,0,0,0,2.79,20.19,68.34,183.66,145.06,65.64,20,0,0,505.68
CDD18_3,2023,40.5,-86.25,0,0,0,3.37,25.34,82.1,190.71,145.22,71.89,19.98,0,0,538.61
CDD18_3,2023,40.5,-86.875,0,0,0,1.94,30.05,94.29,192.13,143.84,77.73,20.21,0,0,560.19
CDD18_3,2023,40.5,-87.5,0,0,0,1.74,33.34,108.72,190.7,148.44,79.71,20.34,0,0,582.99
CDD18_3,2023,40.5,-88.125,0,0,0,2.22,35.17,116.65,187.88,151.35,75.98,19.18,0,0,588.43
CDD18_3,2023,40.5,-88.75,0,0,0,1.92,34.26,118.01,184.75,154.26,75.88,20.41,0,0,589.49
CDD18_3,2023,40.5,-89.375,0,0,0,2.21,38.95,131.89,200,167.85,81.78,19.24,0,0,641.92
CDD18_3,2023,40.5,-90,0,0,0,1.79,43.77,151.57,219.76,184.31,97.04,24.06,0,0,722.3
CDD18_3,2023,41,-85,0,0,0,1.42,12.67,67.3,170.87,139.06,61.72,18.84,0,0,471.88
CDD18_3,2023,41,-85.625,0,0,0,2.53,14.81,71.09,171.56,135.86,61.86,17.54,0,0,475.25
CDD18_3,2023,41,-86.25,0,0,0,2.74,18.92,78.52,177.39,134.65,66.43,19.3,0,0,497.95
CDD18_3,2023,41,-86.875,0,0,0,1.69,26.2,91.79,183.01,140.42,70.25,20.96,0,0,534.32
CDD18_3,2023,41,-87.5,0,0,0,1.89,28.86,105.21,182.24,147.34,71.44,20.08,0,0,557.06
CDD18_3,2023,41,-88.125,0,0,0,2.19,31.4,111.82,178.88,152.75,71.26,19.35,0,0,567.65
CDD18_3,2023,41,-88.75,0,0,0,1.87,30.52,113.53,173.06,151.64,69.04,18.68,0,0,558.34
CDD18_3,2023,41,-89.375,0,0,0,1.26,33.16,124.03,182,162.35,73.83,17.67,0,0,594.3
CDD18_3,2023,41,-90,0,0,0,0,34.94,130.45,186.81,166.4,75.49,19.54,0,0,613.63
CDD18_3,2023,41.5,-85,0,0,0,0.36,9.15,64.64,152.49,114.6,51.54,14.72,0,0,407.5
CDD18_3,2023,41.5,-85.625,0,0,0,1.41,13.41,77.99,163.12,122.69,54.73,16.06,0,0,449.41
CDD18_3,2023,41.5,-86.25,0,0,0,1.8,15.68,77.79,159.92,119.36,55.49,18.16,0,0,448.2
CDD18_3,2023,41.5,-86.875,0,0,0,1.15,15,75.72,159.17,123.51,54.07,17.56,0,0,446.18
CDD18_3,2023,41.5,-87.5,0,0,0,1.4,17.41,85.41,163.48,140.95,60.36,17.46,0,0,486.47
CDD18_3,2023,41.5,-88.125,0,0,0,2.15,20.49,94.79,163.54,155.37,64.72,18.07,0,0,519.13
CDD18_3,2023,41.5,-88.75,0,0,0,1.82,22.14,98.39,165.73,153.4,64.13,17.21,0,0,522.82
CDD18_3,2023,41.5,-89.375,0,0,0,0.57,23.7,104.94,175.15,163.28,69.2,17.44,0,0,554.28
CDD18_3,2023,41.5,-90,0,0,0,0.03,27.52,117.62,185.5,173.83,73.94,20.25,0,0,598.69
CDD18_3,2023,42,-85,0,0,0,1.16,10.19,71.37,147.29,95,45.11,13.6,0,0,383.72
CDD18_3,2023,42,-85.625,0,0,0,0.4,11.81,77.01,153.17,106.61,50.3,15.55,0,0,414.85
CDD18_3,2023,42,-86.25,0,0,0,0,9.32,64.05,140.06,107.03,47.91,15.74,0,0,384.11
CDD18_3,2023,42,-86.875,0,0,0,0,1.8,29.37,116.26,114.62,50.52,14.02,0,0,326.59
CDD18_3,2023,42,-87.5,0,0,0,0,2.64,34.55,124.52,125.03,52.7,12.48,0,0,351.92
CDD18_3,2023,42,-88.125,0,0,0,1.78,13.75,84.86,155.79,148.06,60.95,15.64,0,0,480.83
CDD18_3,2023,42,-88.75,0,0,0,1.47,13.53,71.17,148.27,141.64,57.64,14.31,0,0,448.03
CDD18_3,2023,42,-89.375,0,0,0,0.49,17.05,78.12,162.31,153.7,64.41,16.17,0,0,492.25
CDD18_3,2023,42,-90,0,0,0,0,19.77,93.38,171.55,169.61,71.54,19.1,0,0,544.95
CDD18_3,2023,42.5,-85,0,0,0,1.12,9.39,63.67,132.19,80.01,43.51,13.45,0,0,343.34
CDD18_3,2023,42.5,-85.625,0,0,0,0,10.31,65.62,131.18,90.71,45.81,14.75,0,0,358.38
CDD18_3,2023,42.5,-86.25,0,0,0,0,5.25,40.79,108.94,94.48,40.75,14.37,0,0,304.58
CDD18_3,2023,42.5,-86.875,0,0,0,0,0.02,7.01,83.31,105.4,48.78,12.95,0,0,257.47
CDD18_3,2023,42.5,-87.5,0,0,0,0,0,12.38,99.85,119.86,50.42,10.69,0,0,293.2
CDD18_3,2023,42.5,-88.125,0,0,0,1.08,5.87,58.1,152.93,134.57,55.72,13.4,0,0,421.67
CDD18_3,2023,42.5,-88.75,0,0,0,1.15,9.28,58.03,138.95,128.36,52.97,12.25,0,0,400.99
CDD18_3,2023,42.5,-89.375,0,0,0,0,11.49,66.2,148.92,142.12,61.17,14.88,0,0,444.78
CDD18_3,2023,42.5,-90,0,0,0,0,13,72.73,149.44,149.29,64.11,16.3,0,0,464.87
CDD18_3,2023,43,-85,0,0,0,0.94,9.95,50.75,93.54,58.78,33.92,10.9,0,0,258.78
CDD18_3,2023,43,-85.625,0,0,0,0.22,9.02,51.95,95.48,72.54,38.18,12.89,0,0,280.28
CDD18_3,2023,43,-86.25,0,0,0,0,3.8,27.04,83.13,80.08,33.09,11.62,0,0,238.76
CDD18_3,2023,43,-86.875,0,0,0,0,0,0.2,60.28,93.04,38.73,11.01,0,0,203.26
CDD18_3,2023,43,-87.5,0,0,0,0,0,7.38,80.69,107.44,43.34,9.46,0,0,248.31
CDD18_3,2023,43,-88.125,0,0,0,0.8,6.63,60.29,146.92,123.42,50.85,12.98,0,0,401.89
CDD18_3,2023,43,-88.75,0,0,0,1.23,9.21,78.79,149.72,130.6,53.38,12.83,0,0,435.76
CDD18_3,2023,43,-89.375,0,0,0,0,8.91,76.04,144.44,136.24,59.79,14.59,0,0,440.01
CDD18_3,2023,43,-90,0,0,0,0,8.78,76.21,143.61,144.59,65.14,16.23,0,0,454.56
CDD18_3,2023,43.5,-85,0,0,0,1.15,10.02,45.49,75.08,49.11,29.59,8.64,0,0,219.08
CDD18_3,2023,43.5,-85.625,0,0,0,1.22,8.81,49.34,82.52,63.66,34.69,11.94,0,0,252.18
CDD18_3,2023,43.5,-86.25,0,0,0,0,5.38,35.27,80.64,76.94,32.82,11.74,0,0,242.79
CDD18_3,2023,43.5,-86.875,0,0,0,0,0,1.27,55.72,82.53,29.49,9.03,0,0,178.04
CDD18_3,2023,43.5,-87.5,0,0,0,0,0,9.41,81.23,97.13,37.51,8.96,0,0,234.24
CDD18_3,2023,43.5,-88.125,0,0,0,0.06,6.47,55.61,131.17,107.16,45.98,13.2,0,0,359.65
CDD18_3,2023,43.5,-88.75,0,0,0,0,7.55,71.53,131.03,115.23,50.88,14.22,0,0,390.44
CDD18_3,2023,43.5,-89.375,0,0,0,0,7.81,75.27,134.64,132.08,61.21,16.91,0,0,427.92
CDD18_3,2023,43.5,-90,0,0,0,0.1,7.38,73.71,134.46,142.11,65.57,16.43,0,0,439.76
CDD18_3,2023,44,-85,0,0,0,0.28,9.43,38.13,62.35,44.97,28.27,8.86,0,0,192.29
CDD18_3,2023,44,-85.625,0,0,0,0.25,9.22,41.13,68.08,52.58,31.34,12.31,0,0,214.91
CDD18_3,2023,44,-86.25,0,0,0,0,5.38,35.2,74.69,72.21,32.83,12.45,0,0,232.76
CDD18_3,2023,44,-86.875,0,0,0,0,0,2.2,51.7,74.31,24.04,7.26,0,0,159.51
CDD18_3,2023,44,-87.5,0,0,0,0,0,20.64,90.48,90.38,38.99,10.37,0,0,250.86
CDD18_3,2023,44,-88.125,0,0,0,0,6.53,56.95,121.03,99.37,50.09,14.77,0,0,348.74
CDD18_3,2023,44,-88.75,0,0,0,0,7.49,64.26,116.83,108.29,52.98,16.11,0,0,365.96
CDD18_3,2023,44,-89.375,0,0,0,0.38,6.9,64.86,108.06,113.01,56.36,15.68,0,0,365.25
CDD18_3,2023,44,-90,0,0,0,0.46,6.66,70.73,119.48,130.02,63.07,15.37,0,0,405.79
